heap,bptree,hash,sequential,isam,brin,rtree
0.8183207511901855,1.566248893737793,2.4451889991760254,12.686637878417969,0.739469051361084,2.0653281211853027,15.473939895629883
0.7714149951934814,1.568601131439209,2.4492149353027344,12.9493567943573,0.812812089920044,2.039515256881714,15.349190950393677
0.8520641326904297,1.5714399814605713,2.486666679382324,12.836493968963623,0.7501640319824219,2.146613836288452,15.490350008010864
0.8164660930633545,1.597449779510498,2.4662117958068848,12.880360841751099,0.7791972160339355,2.187175989151001,15.472046852111816
0.7880048751831055,1.588927984237671,2.5318872928619385,13.251801013946533,0.7892673015594482,2.3222882747650146,16.208072185516357
4.00304102897644,1.658294916152954,2.4977619647979736,13.200177907943726,4.274680137634277,2.3650989532470703,16.366959810256958
4.413277864456177,1.5949718952178955,2.468735933303833,12.928420066833496,4.101069927215576,2.102749824523926,16.24380397796631
4.299271106719971,1.5613560676574707,2.423511028289795,13.098107099533081,4.090624094009399,2.2622110843658447,16.822474002838135
4.403898000717163,1.5744047164916992,2.4354360103607178,12.64579463005066,0.15988874435424805,2.0002009868621826,15.797853946685791
