heap,bptree,hash,sequential,isam,brin,rtree
2.7440671920776367,1.6617999076843262,2.0010929107666016,3.721027135848999,1.7883260250091553,2.7537686824798584,1.64902925491333
2.0859975814819336,1.800002098083496,0.7716696262359619,1.9031870365142822,0.6948590278625488,1.1040220260620117,1.2370147705078125
2.1300954818725586,1.8079099655151367,1.024221420288086,1.7777082920074463,0.7856535911560059,1.318993091583252,1.2865655422210693
2.064981698989868,2.4170103073120117,0.8357012271881104
1.6651291847229004,2.428849697113037,0.621983528137207
1.4550504684448242,2.2997100353240967,0.6067886352539062
1.9851512908935547,2.6168971061706543,0.6379435062408447
1.5890004634857178,2.6056902408599854,0.6330010890960693
1.7467248439788818,2.3760006427764893,0.733623743057251
