heap,bptree,hash,sequential,isam,brin,rtree
0.852938175201416,1.6278958320617676,2.537734031677246,13.137789011001587,0.7002749443054199,2.154392957687378,17.021297216415405
1.0745110511779785,1.7210609912872314,2.580291271209717,12.900560855865479,0.7759900093078613,2.2934682369232178,15.534549951553345
0.8172690868377686,1.6483278274536133,2.4655921459198,12.906507968902588,0.7768409252166748,2.1086649894714355,15.577234745025635
0.8662798404693604,1.5912189483642578,2.4555468559265137,12.895715236663818,0.7545051574707031,2.2369089126586914,15.594568967819214
0.882777214050293,1.5905919075012207,2.468883991241455,12.920500040054321,0.7834177017211914,2.4800500869750977,16.532094955444336
8.538984060287476,1.5698919296264648,2.4575748443603516,12.944858074188232,7.902917861938477,2.1312668323516846,15.870818138122559
8.341315269470215,1.645416021347046,2.4874730110168457,13.02518606185913,8.152681827545166,2.29681396484375,15.94546103477478
8.362686157226562,1.5895953178405762,2.4541099071502686,12.870090007781982,0.16759872436523438,2.072098970413208,16.461241960525513
